{"cameraMode":{"drawMode":0,"name":"Shaded","section":"Shading Mode"},"sceneLighting":false,"audioPlay":false,"sceneViewState":{"showFog":true,"showMaterialUpdate":false,"showSkybox":true,"showFlares":true,"showImageEffects":true,"showParticleSystems":true},"in2DMode":false,"pivot":{"x":-2.499998092651367,"y":2.0719003677368166,"z":0.010628104209899903},"rotation":{"x":0.15208721160888673,"y":0.8099550604820252,"z":-0.24023517966270448,"w":0.512961208820343},"size":11.306804656982422,"orthographic":false}