{"cameraMode":{"drawMode":0,"name":"Shaded","section":"Shading Mode"},"sceneLighting":true,"audioPlay":false,"sceneViewState":{"showFog":false,"showMaterialUpdate":false,"showSkybox":false,"showFlares":false,"showImageEffects":false,"showParticleSystems":true},"in2DMode":false,"pivot":{"x":204.10000610351563,"y":16.66242027282715,"z":211.1320343017578},"rotation":{"x":0.050253041088581088,"y":0.9321488738059998,"z":-0.3290213644504547,"w":0.14254175126552583},"size":115.00536346435547,"orthographic":false}