{"cameraMode":{"drawMode":0,"name":"Shaded","section":"Shading Mode"},"sceneLighting":true,"audioPlay":false,"sceneViewState":{"showFog":false,"showMaterialUpdate":false,"showSkybox":false,"showFlares":false,"showImageEffects":false,"showParticleSystems":true},"in2DMode":false,"pivot":{"x":188.5459442138672,"y":4.326141357421875,"z":188.5138702392578},"rotation":{"x":-0.13996446132659913,"y":-0.6564419269561768,"z":0.12578509747982026,"w":-0.7305286526679993},"size":314.35382080078127,"orthographic":false}