{"cameraMode":{"drawMode":0,"name":"Shaded","section":"Shading Mode"},"sceneLighting":true,"audioPlay":false,"sceneViewState":{"showFog":false,"showMaterialUpdate":false,"showSkybox":false,"showFlares":false,"showImageEffects":false,"showParticleSystems":true},"in2DMode":false,"pivot":{"x":197.48191833496095,"y":20.510000228881837,"z":210.06539916992188},"rotation":{"x":0.3887583315372467,"y":0.39515310525894167,"z":-0.1896292120218277,"w":0.8104084134101868},"size":30.826955795288087,"orthographic":false}